-- Generated from legacy Excel/pickle data.
-- Target: cloudflare-redesign/schema.sql
BEGIN TRANSACTION;
INSERT INTO players (id, name, current_elo, is_active) VALUES (1, '이승준', 2000, 1);
INSERT INTO players (id, name, current_elo, is_active) VALUES (2, '백성진', 2000, 1);
INSERT INTO players (id, name, current_elo, is_active) VALUES (3, '권태현', 2000, 1);
INSERT INTO players (id, name, current_elo, is_active) VALUES (4, '엄세현', 2000, 1);
INSERT INTO players (id, name, current_elo, is_active) VALUES (5, '손준혁', 2000, 1);
INSERT INTO players (id, name, current_elo, is_active) VALUES (6, '박준영', 2000, 1);
INSERT INTO tournaments (id, name, tournament_date, tournament_type, k_factor, base_points, status, finalized_at) VALUES (1, '천안 문단세', '2025-01-11', 'REGULAR', 200, 4, 'FINALIZED', '2025-01-11 23:59:59');
INSERT INTO tournaments (id, name, tournament_date, tournament_type, k_factor, base_points, status, finalized_at) VALUES (2, '천안 문단세 2일차', '2025-01-12', 'REGULAR', 200, 4, 'FINALIZED', '2025-01-12 23:59:59');
INSERT INTO tournaments (id, name, tournament_date, tournament_type, k_factor, base_points, status, finalized_at) VALUES (3, '특허청 연수원', '2025-01-14', 'ADHOC', 100, 1, 'FINALIZED', '2025-01-14 23:59:59');
INSERT INTO tournament_participants (tournament_id, player_id, seed_elo, seed_rank) VALUES (1, 3, 2000, 1);
INSERT INTO tournament_participants (tournament_id, player_id, seed_elo, seed_rank) VALUES (1, 6, 2000, 2);
INSERT INTO tournament_participants (tournament_id, player_id, seed_elo, seed_rank) VALUES (1, 2, 2000, 3);
INSERT INTO tournament_participants (tournament_id, player_id, seed_elo, seed_rank) VALUES (1, 5, 2000, 4);
INSERT INTO tournament_participants (tournament_id, player_id, seed_elo, seed_rank) VALUES (1, 4, 2000, 5);
INSERT INTO tournament_participants (tournament_id, player_id, seed_elo, seed_rank) VALUES (1, 1, 2000, 6);
INSERT INTO tournament_participants (tournament_id, player_id, seed_elo, seed_rank) VALUES (2, 3, 2069, 3);
INSERT INTO tournament_participants (tournament_id, player_id, seed_elo, seed_rank) VALUES (2, 6, 2231, 1);
INSERT INTO tournament_participants (tournament_id, player_id, seed_elo, seed_rank) VALUES (2, 2, 1921, 5);
INSERT INTO tournament_participants (tournament_id, player_id, seed_elo, seed_rank) VALUES (2, 5, 2068, 4);
INSERT INTO tournament_participants (tournament_id, player_id, seed_elo, seed_rank) VALUES (2, 4, 2107, 2);
INSERT INTO tournament_participants (tournament_id, player_id, seed_elo, seed_rank) VALUES (2, 1, 1796, 6);
INSERT INTO tournament_participants (tournament_id, player_id, seed_elo, seed_rank) VALUES (3, 6, 2457, 1);
INSERT INTO tournament_participants (tournament_id, player_id, seed_elo, seed_rank) VALUES (3, 5, 2235, 3);
INSERT INTO tournament_participants (tournament_id, player_id, seed_elo, seed_rank) VALUES (3, 4, 2402, 2);
INSERT INTO tournament_participants (tournament_id, player_id, seed_elo, seed_rank) VALUES (3, 1, 2012, 4);
INSERT INTO matches (id, tournament_id, match_order, match_format, team_a_player1_id, team_a_player2_id, team_b_player1_id, team_b_player2_id, score_a, score_b, delta_team_a, delta_team_b, status) VALUES (1, 1, 1, 'DOUBLES', 2, 4, 1, 5, 2, 4, -29, 37, 'ACTIVE');
INSERT INTO match_player_deltas (match_id, player_id, team_side, delta) VALUES (1, 2, 'A', -29);
INSERT INTO match_player_deltas (match_id, player_id, team_side, delta) VALUES (1, 4, 'A', -29);
INSERT INTO match_player_deltas (match_id, player_id, team_side, delta) VALUES (1, 1, 'B', 37);
INSERT INTO match_player_deltas (match_id, player_id, team_side, delta) VALUES (1, 5, 'B', 37);
INSERT INTO matches (id, tournament_id, match_order, match_format, team_a_player1_id, team_a_player2_id, team_b_player1_id, team_b_player2_id, score_a, score_b, delta_team_a, delta_team_b, status) VALUES (2, 1, 2, 'DOUBLES', 3, 1, 6, 5, 2, 4, -29, 37, 'ACTIVE');
INSERT INTO match_player_deltas (match_id, player_id, team_side, delta) VALUES (2, 3, 'A', -29);
INSERT INTO match_player_deltas (match_id, player_id, team_side, delta) VALUES (2, 1, 'A', -29);
INSERT INTO match_player_deltas (match_id, player_id, team_side, delta) VALUES (2, 6, 'B', 37);
INSERT INTO match_player_deltas (match_id, player_id, team_side, delta) VALUES (2, 5, 'B', 37);
INSERT INTO matches (id, tournament_id, match_order, match_format, team_a_player1_id, team_a_player2_id, team_b_player1_id, team_b_player2_id, score_a, score_b, delta_team_a, delta_team_b, status) VALUES (3, 1, 3, 'DOUBLES', 2, 6, 4, 5, 4, 2, 37, -29, 'ACTIVE');
INSERT INTO match_player_deltas (match_id, player_id, team_side, delta) VALUES (3, 2, 'A', 37);
INSERT INTO match_player_deltas (match_id, player_id, team_side, delta) VALUES (3, 6, 'A', 37);
INSERT INTO match_player_deltas (match_id, player_id, team_side, delta) VALUES (3, 4, 'B', -29);
INSERT INTO match_player_deltas (match_id, player_id, team_side, delta) VALUES (3, 5, 'B', -29);
INSERT INTO matches (id, tournament_id, match_order, match_format, team_a_player1_id, team_a_player2_id, team_b_player1_id, team_b_player2_id, score_a, score_b, delta_team_a, delta_team_b, status) VALUES (4, 1, 4, 'DOUBLES', 2, 6, 3, 1, 3, 4, -10, 18, 'ACTIVE');
INSERT INTO match_player_deltas (match_id, player_id, team_side, delta) VALUES (4, 2, 'A', -10);
INSERT INTO match_player_deltas (match_id, player_id, team_side, delta) VALUES (4, 6, 'A', -10);
INSERT INTO match_player_deltas (match_id, player_id, team_side, delta) VALUES (4, 3, 'B', 18);
INSERT INTO match_player_deltas (match_id, player_id, team_side, delta) VALUES (4, 1, 'B', 18);
INSERT INTO matches (id, tournament_id, match_order, match_format, team_a_player1_id, team_a_player2_id, team_b_player1_id, team_b_player2_id, score_a, score_b, delta_team_a, delta_team_b, status) VALUES (5, 1, 5, 'DOUBLES', 4, 5, 1, 3, 4, 3, 18, -10, 'ACTIVE');
INSERT INTO match_player_deltas (match_id, player_id, team_side, delta) VALUES (5, 4, 'A', 18);
INSERT INTO match_player_deltas (match_id, player_id, team_side, delta) VALUES (5, 5, 'A', 18);
INSERT INTO match_player_deltas (match_id, player_id, team_side, delta) VALUES (5, 1, 'B', -10);
INSERT INTO match_player_deltas (match_id, player_id, team_side, delta) VALUES (5, 3, 'B', -10);
INSERT INTO matches (id, tournament_id, match_order, match_format, team_a_player1_id, team_a_player2_id, team_b_player1_id, team_b_player2_id, score_a, score_b, delta_team_a, delta_team_b, status) VALUES (6, 1, 6, 'DOUBLES', 2, 4, 6, 5, 2, 4, -29, 37, 'ACTIVE');
INSERT INTO match_player_deltas (match_id, player_id, team_side, delta) VALUES (6, 2, 'A', -29);
INSERT INTO match_player_deltas (match_id, player_id, team_side, delta) VALUES (6, 4, 'A', -29);
INSERT INTO match_player_deltas (match_id, player_id, team_side, delta) VALUES (6, 6, 'B', 37);
INSERT INTO match_player_deltas (match_id, player_id, team_side, delta) VALUES (6, 5, 'B', 37);
INSERT INTO matches (id, tournament_id, match_order, match_format, team_a_player1_id, team_a_player2_id, team_b_player1_id, team_b_player2_id, score_a, score_b, delta_team_a, delta_team_b, status) VALUES (7, 1, 7, 'DOUBLES', 5, 1, 6, 3, 3, 4, -10, 18, 'ACTIVE');
INSERT INTO match_player_deltas (match_id, player_id, team_side, delta) VALUES (7, 5, 'A', -10);
INSERT INTO match_player_deltas (match_id, player_id, team_side, delta) VALUES (7, 1, 'A', -10);
INSERT INTO match_player_deltas (match_id, player_id, team_side, delta) VALUES (7, 6, 'B', 18);
INSERT INTO match_player_deltas (match_id, player_id, team_side, delta) VALUES (7, 3, 'B', 18);
INSERT INTO matches (id, tournament_id, match_order, match_format, team_a_player1_id, team_a_player2_id, team_b_player1_id, team_b_player2_id, score_a, score_b, delta_team_a, delta_team_b, status) VALUES (8, 1, 8, 'DOUBLES', 2, 3, 6, 4, 2, 4, -29, 37, 'ACTIVE');
INSERT INTO match_player_deltas (match_id, player_id, team_side, delta) VALUES (8, 2, 'A', -29);
INSERT INTO match_player_deltas (match_id, player_id, team_side, delta) VALUES (8, 3, 'A', -29);
INSERT INTO match_player_deltas (match_id, player_id, team_side, delta) VALUES (8, 6, 'B', 37);
INSERT INTO match_player_deltas (match_id, player_id, team_side, delta) VALUES (8, 4, 'B', 37);
INSERT INTO matches (id, tournament_id, match_order, match_format, team_a_player1_id, team_a_player2_id, team_b_player1_id, team_b_player2_id, score_a, score_b, delta_team_a, delta_team_b, status) VALUES (9, 1, 9, 'DOUBLES', 5, 1, 6, 4, 0, 4, -96, 104, 'ACTIVE');
INSERT INTO match_player_deltas (match_id, player_id, team_side, delta) VALUES (9, 5, 'A', -96);
INSERT INTO match_player_deltas (match_id, player_id, team_side, delta) VALUES (9, 1, 'A', -96);
INSERT INTO match_player_deltas (match_id, player_id, team_side, delta) VALUES (9, 6, 'B', 104);
INSERT INTO match_player_deltas (match_id, player_id, team_side, delta) VALUES (9, 4, 'B', 104);
INSERT INTO matches (id, tournament_id, match_order, match_format, team_a_player1_id, team_a_player2_id, team_b_player1_id, team_b_player2_id, score_a, score_b, delta_team_a, delta_team_b, status) VALUES (10, 1, 10, 'DOUBLES', 2, 1, 3, 4, 1, 4, -56, 64, 'ACTIVE');
INSERT INTO match_player_deltas (match_id, player_id, team_side, delta) VALUES (10, 2, 'A', -56);
INSERT INTO match_player_deltas (match_id, player_id, team_side, delta) VALUES (10, 1, 'A', -56);
INSERT INTO match_player_deltas (match_id, player_id, team_side, delta) VALUES (10, 3, 'B', 64);
INSERT INTO match_player_deltas (match_id, player_id, team_side, delta) VALUES (10, 4, 'B', 64);
INSERT INTO matches (id, tournament_id, match_order, match_format, team_a_player1_id, team_a_player2_id, team_b_player1_id, team_b_player2_id, score_a, score_b, delta_team_a, delta_team_b, status) VALUES (11, 1, 11, 'DOUBLES', 5, 3, 6, 1, 4, 2, 37, -29, 'ACTIVE');
INSERT INTO match_player_deltas (match_id, player_id, team_side, delta) VALUES (11, 5, 'A', 37);
INSERT INTO match_player_deltas (match_id, player_id, team_side, delta) VALUES (11, 3, 'A', 37);
INSERT INTO match_player_deltas (match_id, player_id, team_side, delta) VALUES (11, 6, 'B', -29);
INSERT INTO match_player_deltas (match_id, player_id, team_side, delta) VALUES (11, 1, 'B', -29);
INSERT INTO matches (id, tournament_id, match_order, match_format, team_a_player1_id, team_a_player2_id, team_b_player1_id, team_b_player2_id, score_a, score_b, delta_team_a, delta_team_b, status) VALUES (12, 1, 12, 'DOUBLES', 4, 1, 2, 5, 2, 4, -29, 37, 'ACTIVE');
INSERT INTO match_player_deltas (match_id, player_id, team_side, delta) VALUES (12, 4, 'A', -29);
INSERT INTO match_player_deltas (match_id, player_id, team_side, delta) VALUES (12, 1, 'A', -29);
INSERT INTO match_player_deltas (match_id, player_id, team_side, delta) VALUES (12, 2, 'B', 37);
INSERT INTO match_player_deltas (match_id, player_id, team_side, delta) VALUES (12, 5, 'B', 37);
INSERT INTO matches (id, tournament_id, match_order, match_format, team_a_player1_id, team_a_player2_id, team_b_player1_id, team_b_player2_id, score_a, score_b, delta_team_a, delta_team_b, status) VALUES (13, 2, 1, 'DOUBLES', 4, 6, 1, 2, 4, 0, 33, -25, 'ACTIVE');
INSERT INTO match_player_deltas (match_id, player_id, team_side, delta) VALUES (13, 4, 'A', 33);
INSERT INTO match_player_deltas (match_id, player_id, team_side, delta) VALUES (13, 6, 'A', 33);
INSERT INTO match_player_deltas (match_id, player_id, team_side, delta) VALUES (13, 1, 'B', -25);
INSERT INTO match_player_deltas (match_id, player_id, team_side, delta) VALUES (13, 2, 'B', -25);
INSERT INTO matches (id, tournament_id, match_order, match_format, team_a_player1_id, team_a_player2_id, team_b_player1_id, team_b_player2_id, score_a, score_b, delta_team_a, delta_team_b, status) VALUES (14, 2, 2, 'DOUBLES', 6, 1, 3, 5, 2, 4, -14, 22, 'ACTIVE');
INSERT INTO match_player_deltas (match_id, player_id, team_side, delta) VALUES (14, 6, 'A', -14);
INSERT INTO match_player_deltas (match_id, player_id, team_side, delta) VALUES (14, 1, 'A', -14);
INSERT INTO match_player_deltas (match_id, player_id, team_side, delta) VALUES (14, 3, 'B', 22);
INSERT INTO match_player_deltas (match_id, player_id, team_side, delta) VALUES (14, 5, 'B', 22);
INSERT INTO matches (id, tournament_id, match_order, match_format, team_a_player1_id, team_a_player2_id, team_b_player1_id, team_b_player2_id, score_a, score_b, delta_team_a, delta_team_b, status) VALUES (15, 2, 3, 'DOUBLES', 5, 4, 2, 3, 2, 4, -55, 63, 'ACTIVE');
INSERT INTO match_player_deltas (match_id, player_id, team_side, delta) VALUES (15, 5, 'A', -55);
INSERT INTO match_player_deltas (match_id, player_id, team_side, delta) VALUES (15, 4, 'A', -55);
INSERT INTO match_player_deltas (match_id, player_id, team_side, delta) VALUES (15, 2, 'B', 63);
INSERT INTO match_player_deltas (match_id, player_id, team_side, delta) VALUES (15, 3, 'B', 63);
INSERT INTO matches (id, tournament_id, match_order, match_format, team_a_player1_id, team_a_player2_id, team_b_player1_id, team_b_player2_id, score_a, score_b, delta_team_a, delta_team_b, status) VALUES (16, 2, 4, 'DOUBLES', 2, 6, 1, 3, 3, 4, -49, 57, 'ACTIVE');
INSERT INTO match_player_deltas (match_id, player_id, team_side, delta) VALUES (16, 2, 'A', -49);
INSERT INTO match_player_deltas (match_id, player_id, team_side, delta) VALUES (16, 6, 'A', -49);
INSERT INTO match_player_deltas (match_id, player_id, team_side, delta) VALUES (16, 1, 'B', 57);
INSERT INTO match_player_deltas (match_id, player_id, team_side, delta) VALUES (16, 3, 'B', 57);
INSERT INTO matches (id, tournament_id, match_order, match_format, team_a_player1_id, team_a_player2_id, team_b_player1_id, team_b_player2_id, score_a, score_b, delta_team_a, delta_team_b, status) VALUES (17, 2, 5, 'DOUBLES', 1, 5, 4, 3, 0, 4, -54, 62, 'ACTIVE');
INSERT INTO match_player_deltas (match_id, player_id, team_side, delta) VALUES (17, 1, 'A', -54);
INSERT INTO match_player_deltas (match_id, player_id, team_side, delta) VALUES (17, 5, 'A', -54);
INSERT INTO match_player_deltas (match_id, player_id, team_side, delta) VALUES (17, 4, 'B', 62);
INSERT INTO match_player_deltas (match_id, player_id, team_side, delta) VALUES (17, 3, 'B', 62);
INSERT INTO matches (id, tournament_id, match_order, match_format, team_a_player1_id, team_a_player2_id, team_b_player1_id, team_b_player2_id, score_a, score_b, delta_team_a, delta_team_b, status) VALUES (18, 3, 1, 'SINGLES', 6, NULL, 4, NULL, 4, 2, 0, 0, 'ACTIVE');
INSERT INTO match_player_deltas (match_id, player_id, team_side, delta) VALUES (18, 6, 'A', 0);
INSERT INTO match_player_deltas (match_id, player_id, team_side, delta) VALUES (18, 4, 'B', 0);
INSERT INTO matches (id, tournament_id, match_order, match_format, team_a_player1_id, team_a_player2_id, team_b_player1_id, team_b_player2_id, score_a, score_b, delta_team_a, delta_team_b, status) VALUES (19, 3, 2, 'SINGLES', 5, NULL, 1, NULL, 4, 1, 0, 0, 'ACTIVE');
INSERT INTO match_player_deltas (match_id, player_id, team_side, delta) VALUES (19, 5, 'A', 0);
INSERT INTO match_player_deltas (match_id, player_id, team_side, delta) VALUES (19, 1, 'B', 0);
INSERT INTO matches (id, tournament_id, match_order, match_format, team_a_player1_id, team_a_player2_id, team_b_player1_id, team_b_player2_id, score_a, score_b, delta_team_a, delta_team_b, status) VALUES (20, 3, 3, 'SINGLES', 6, NULL, 1, NULL, 4, 1, 0, 0, 'ACTIVE');
INSERT INTO match_player_deltas (match_id, player_id, team_side, delta) VALUES (20, 6, 'A', 0);
INSERT INTO match_player_deltas (match_id, player_id, team_side, delta) VALUES (20, 1, 'B', 0);
INSERT INTO matches (id, tournament_id, match_order, match_format, team_a_player1_id, team_a_player2_id, team_b_player1_id, team_b_player2_id, score_a, score_b, delta_team_a, delta_team_b, status) VALUES (21, 3, 4, 'SINGLES', 4, NULL, 5, NULL, 2, 4, 0, 0, 'ACTIVE');
INSERT INTO match_player_deltas (match_id, player_id, team_side, delta) VALUES (21, 4, 'A', 0);
INSERT INTO match_player_deltas (match_id, player_id, team_side, delta) VALUES (21, 5, 'B', 0);
INSERT INTO matches (id, tournament_id, match_order, match_format, team_a_player1_id, team_a_player2_id, team_b_player1_id, team_b_player2_id, score_a, score_b, delta_team_a, delta_team_b, status) VALUES (22, 3, 5, 'SINGLES', 6, NULL, 5, NULL, 4, 3, 0, 0, 'ACTIVE');
INSERT INTO match_player_deltas (match_id, player_id, team_side, delta) VALUES (22, 6, 'A', 0);
INSERT INTO match_player_deltas (match_id, player_id, team_side, delta) VALUES (22, 5, 'B', 0);
INSERT INTO matches (id, tournament_id, match_order, match_format, team_a_player1_id, team_a_player2_id, team_b_player1_id, team_b_player2_id, score_a, score_b, delta_team_a, delta_team_b, status) VALUES (23, 3, 6, 'SINGLES', 4, NULL, 1, NULL, 4, 1, 0, 0, 'ACTIVE');
INSERT INTO match_player_deltas (match_id, player_id, team_side, delta) VALUES (23, 4, 'A', 0);
INSERT INTO match_player_deltas (match_id, player_id, team_side, delta) VALUES (23, 1, 'B', 0);
INSERT INTO matches (id, tournament_id, match_order, match_format, team_a_player1_id, team_a_player2_id, team_b_player1_id, team_b_player2_id, score_a, score_b, delta_team_a, delta_team_b, status) VALUES (24, 3, 7, 'DOUBLES', 6, 1, 4, 5, 4, 3, 0, 0, 'ACTIVE');
INSERT INTO match_player_deltas (match_id, player_id, team_side, delta) VALUES (24, 6, 'A', 0);
INSERT INTO match_player_deltas (match_id, player_id, team_side, delta) VALUES (24, 1, 'A', 0);
INSERT INTO match_player_deltas (match_id, player_id, team_side, delta) VALUES (24, 4, 'B', 0);
INSERT INTO match_player_deltas (match_id, player_id, team_side, delta) VALUES (24, 5, 'B', 0);
INSERT INTO matches (id, tournament_id, match_order, match_format, team_a_player1_id, team_a_player2_id, team_b_player1_id, team_b_player2_id, score_a, score_b, delta_team_a, delta_team_b, status) VALUES (25, 3, 8, 'DOUBLES', 6, 5, 4, 1, 4, 1, 0, 0, 'ACTIVE');
INSERT INTO match_player_deltas (match_id, player_id, team_side, delta) VALUES (25, 6, 'A', 0);
INSERT INTO match_player_deltas (match_id, player_id, team_side, delta) VALUES (25, 5, 'A', 0);
INSERT INTO match_player_deltas (match_id, player_id, team_side, delta) VALUES (25, 4, 'B', 0);
INSERT INTO match_player_deltas (match_id, player_id, team_side, delta) VALUES (25, 1, 'B', 0);
INSERT INTO rating_events (id, player_id, event_type, event_date, tournament_id, k_factor, base_points, elo_before, delta, elo_after, note) VALUES (1, 1, 'REGISTER', '2025-02-08', NULL, 0, 0, 2000, 0, 2000, 'legacy registration');
INSERT INTO rating_events (id, player_id, event_type, event_date, tournament_id, k_factor, base_points, elo_before, delta, elo_after, note) VALUES (2, 2, 'REGISTER', '2025-02-08', NULL, 0, 0, 2000, 0, 2000, 'legacy registration');
INSERT INTO rating_events (id, player_id, event_type, event_date, tournament_id, k_factor, base_points, elo_before, delta, elo_after, note) VALUES (3, 3, 'REGISTER', '2025-02-08', NULL, 0, 0, 2000, 0, 2000, 'legacy registration');
INSERT INTO rating_events (id, player_id, event_type, event_date, tournament_id, k_factor, base_points, elo_before, delta, elo_after, note) VALUES (4, 4, 'REGISTER', '2025-02-08', NULL, 0, 0, 2000, 0, 2000, 'legacy registration');
INSERT INTO rating_events (id, player_id, event_type, event_date, tournament_id, k_factor, base_points, elo_before, delta, elo_after, note) VALUES (5, 5, 'REGISTER', '2025-02-08', NULL, 0, 0, 2000, 0, 2000, 'legacy registration');
INSERT INTO rating_events (id, player_id, event_type, event_date, tournament_id, k_factor, base_points, elo_before, delta, elo_after, note) VALUES (6, 6, 'REGISTER', '2025-02-08', NULL, 0, 0, 2000, 0, 2000, 'legacy registration');
INSERT INTO rating_events (id, player_id, event_type, event_date, tournament_id, k_factor, base_points, elo_before, delta, elo_after, note) VALUES (7, 3, 'TOURNAMENT', '2025-01-11', 1, 200, 4, 2000, 69, 2069, 'legacy tournament import');
INSERT INTO rating_events (id, player_id, event_type, event_date, tournament_id, k_factor, base_points, elo_before, delta, elo_after, note) VALUES (8, 6, 'TOURNAMENT', '2025-01-11', 1, 200, 4, 2000, 231, 2231, 'legacy tournament import');
INSERT INTO rating_events (id, player_id, event_type, event_date, tournament_id, k_factor, base_points, elo_before, delta, elo_after, note) VALUES (9, 2, 'TOURNAMENT', '2025-01-11', 1, 200, 4, 2000, -79, 1921, 'legacy tournament import');
INSERT INTO rating_events (id, player_id, event_type, event_date, tournament_id, k_factor, base_points, elo_before, delta, elo_after, note) VALUES (10, 5, 'TOURNAMENT', '2025-01-11', 1, 200, 4, 2000, 68, 2068, 'legacy tournament import');
INSERT INTO rating_events (id, player_id, event_type, event_date, tournament_id, k_factor, base_points, elo_before, delta, elo_after, note) VALUES (11, 4, 'TOURNAMENT', '2025-01-11', 1, 200, 4, 2000, 107, 2107, 'legacy tournament import');
INSERT INTO rating_events (id, player_id, event_type, event_date, tournament_id, k_factor, base_points, elo_before, delta, elo_after, note) VALUES (12, 1, 'TOURNAMENT', '2025-01-11', 1, 200, 4, 2000, -204, 1796, 'legacy tournament import');
INSERT INTO rating_events (id, player_id, event_type, event_date, tournament_id, k_factor, base_points, elo_before, delta, elo_after, note) VALUES (13, 3, 'TOURNAMENT', '2025-01-12', 2, 200, 4, 2069, 204, 2273, 'legacy tournament import');
INSERT INTO rating_events (id, player_id, event_type, event_date, tournament_id, k_factor, base_points, elo_before, delta, elo_after, note) VALUES (14, 6, 'TOURNAMENT', '2025-01-12', 2, 200, 4, 2231, -30, 2201, 'legacy tournament import');
INSERT INTO rating_events (id, player_id, event_type, event_date, tournament_id, k_factor, base_points, elo_before, delta, elo_after, note) VALUES (15, 2, 'TOURNAMENT', '2025-01-12', 2, 200, 4, 1921, -11, 1910, 'legacy tournament import');
INSERT INTO rating_events (id, player_id, event_type, event_date, tournament_id, k_factor, base_points, elo_before, delta, elo_after, note) VALUES (16, 5, 'TOURNAMENT', '2025-01-12', 2, 200, 4, 2068, -87, 1981, 'legacy tournament import');
INSERT INTO rating_events (id, player_id, event_type, event_date, tournament_id, k_factor, base_points, elo_before, delta, elo_after, note) VALUES (17, 4, 'TOURNAMENT', '2025-01-12', 2, 200, 4, 2107, 40, 2147, 'legacy tournament import');
INSERT INTO rating_events (id, player_id, event_type, event_date, tournament_id, k_factor, base_points, elo_before, delta, elo_after, note) VALUES (18, 1, 'TOURNAMENT', '2025-01-12', 2, 200, 4, 1796, -36, 1760, 'legacy tournament import');
INSERT INTO rating_events (id, player_id, event_type, event_date, tournament_id, k_factor, base_points, elo_before, delta, elo_after, note) VALUES (19, 6, 'TOURNAMENT', '2025-01-14', 3, 100, 1, 2457, 10, 2467, 'legacy pickle tournament import');
INSERT INTO rating_events (id, player_id, event_type, event_date, tournament_id, k_factor, base_points, elo_before, delta, elo_after, note) VALUES (20, 5, 'TOURNAMENT', '2025-01-14', 3, 100, 1, 2235, 59, 2294, 'legacy pickle tournament import');
INSERT INTO rating_events (id, player_id, event_type, event_date, tournament_id, k_factor, base_points, elo_before, delta, elo_after, note) VALUES (21, 4, 'TOURNAMENT', '2025-01-14', 3, 100, 1, 2402, -83, 2319, 'legacy pickle tournament import');
INSERT INTO rating_events (id, player_id, event_type, event_date, tournament_id, k_factor, base_points, elo_before, delta, elo_after, note) VALUES (22, 1, 'TOURNAMENT', '2025-01-14', 3, 100, 1, 2012, 34, 2046, 'legacy pickle tournament import');
COMMIT;